DATE,VOUCHERTYPENAME,VOUCHERNUMBER,Reference,Cost_Category,NARRATION,Buyer_Name,Address_1,Address_2,Address_3,Address_4,Pincode,State_Name,Registration_Type,Company_GSTIN,POS,Country,DebitLedger,AmountDebitLedger,Commission_for_facilitation_of_FYND_platform,Cost_Centre_Commission,IGST Outward-MH,SGST Outward-MH,CGST Outward-MH
20260511,VAR-INV,FC-I-A00422-FY27,FC-I-A00422-FY27,Commerce India,Invoice for Transaction Fees & charges for the month of April-26 for Nexus Storefront - COD,CHOGORI INDIA RETAIL LTD,"First Floor Phoenix Market City, Shop No. F-58/A Nagar Airport Road, PUNE, Pune, Maharashtra, 411014",emp,emp,emp,411014,Maharashtra,Regular,27AADCC2405P1ZL,Maharashtra,India,10060_Chogori India Retail Ltd_C,-573.05,485.63,Nex_B2C_Tra_CI,0,43.71,43.71
20260511,VAR-INV,FC-I-A00423-FY27,FC-I-A00423-FY27,Commerce India,Invoice for Transaction Fees & charges for the month of April-26 for Nexus Storefront - COD,RELIANCE RETAIL LIMITED,"Reliance Corporate Park ,Thane Belapur Road,5 TTC Industrial Area Ghansoli,Navi Mumbai,Maharashtra",emp,emp,emp,400701,Maharashtra,Regular,27AABCR1718E1ZP,Maharashtra,India,4835_RELIANCE RETAIL LIMITED_C,-14965.3,12682.46,Nex_B2C_Tra_CI,0,1141.42,1141.42
20260511,VAR-INV,FC-I-A00424-FY27,FC-I-A00424-FY27,Commerce India,Invoice for Transaction Fees & charges for the month of April-26 for Nexus Storefront - COD,REGAL BRANDS PRIVATE LIMITED,"First Floor, New Era House Mogul Lane, Matunga West Mumbai, Mumbai, Maharashtra, 400016",emp,emp,emp,400016,Maharashtra,Regular,27AANCR1479C1Z7,Maharashtra,India,1137_Regal Brands Private Limited_C,-421.42,357.14,Nex_B2C_Tra_CI,0,32.14,32.14
20260511,VAR-INV,FC-I-A00425-FY27,FC-I-A00425-FY27,Commerce India,Invoice for Transaction Fees & charges for the month of April-26 for Nexus Storefront - COD,QUEST RETAIL PRIVATE LIMITED,"Ground Floor, Unit No G 48 Inorbit Mall Malad, Linking Road Mumbai, Mumbai Subur Maharashtra, 400064",emp,emp,emp,400064,Maharashtra,Regular,27AAACQ1315K1ZL,Maharashtra,India,10219_Quest Retail Pvt Ltd_C,-319.27,270.57,Nex_B2C_Tra_CI,0,24.35,24.35
20260511,VAR-INV,FC-I-A00426-FY27,FC-I-A00426-FY27,Commerce India,Invoice for Transaction Fees & charges for the month of April-26 for Nexus Storefront - COD,HIDESIGN INDIA PRIVATE LIMITED,"1st Floor, No-5 AH1 Cama Estate, New Sun Compound Balbhat Road,Goregoan East, Mumbai,Maharashtra",emp,emp,emp,400063,Maharashtra,Regular,27AACCH0586R1ZZ,Maharashtra,India,10085_Hidesign India Private Limited_C,-770.59,653.05,Nex_B2C_Tra_CI,0,58.77,58.77
20260511,VAR-INV,FC-I-A00427-FY27,FC-I-A00427-FY27,Commerce India,Invoice for Transaction Fees & charges for the month of April-26 for Nexus Storefront - COD,FOREVER NEW APPARELS PRIVATE LIMITED,"LOWER GROUND FLOOR, UNIT NO - 6 PHOENIX PALLADIUM MALL, BLOCK 34/14B 462 SENAPAT Maharashtra, 400013",emp,emp,emp,400013,Maharashtra,Regular,27AABCF0689C1ZT,Maharashtra,India,10552_Forever New Apparels Private Limited_C,-352.43,298.67,Nex_B2C_Tra_CI,0,26.88,26.88
20260511,VAR-INV,FC-I-A00428-FY27,FC-I-A00428-FY27,Commerce India,Invoice for Transaction Fees & charges for the month of April-26 for Nexus Storefront - COD,ADITYA BIRLA FASHION AND RETAIL LIMITED,"4th and 5th FLOOR, Pantaloons Office Agastya, Agastya Corporate Park Sunder Bung Maharashtra, 400070",emp,emp,emp,400070,Maharashtra,Regular,27AAECP2371C1ZP,Maharashtra,India,10857_Aditya Birla Fashion And Retail Limited_C,-5528.19,4684.91,Nex_B2C_Tra_CI,0,421.64,421.64
20260511,VAR-INV,FC-I-A00429-FY27,FC-I-A00429-FY27,Commerce India,Invoice for Transaction Fees & charges for the month of April-26 for Nexus Storefront - PPD,RELIANCE RETAIL LIMITED,"Reliance Corporate Park ,Thane Belapur Road,5 TTC Industrial Area Ghansoli,Navi Mumbai,Maharashtra",emp,emp,emp,400701,Maharashtra,Regular,27AABCR1718E1ZP,Maharashtra,India,4835_RELIANCE RETAIL LIMITED_C,-30513.63,25859.01,Nex_B2C_Tra_CI,0,2327.31,2327.31
20260511,VAR-INV,FC-I-A00430-FY27,FC-I-A00430-FY27,Reliance,Invoice for Transaction Fees & charges for the month of April-26 for Nexus Storefront - PPD,RELIANCE BRANDS LIMITED,"E-71, FLOOR-7/8PLOT-85, EMAKER TOWER, G D SOMANI MARG, WORLD TRADE CENTRE, CUFFE Maharashtra, 400005",emp,emp,emp,400005,Maharashtra,Regular,27AADCR7395F1Z0,Maharashtra,India,46_Reliance Brands Limited_C,-116.7,98.9,Nex_B2C_Tra_RL,0,8.9,8.9
20260511,VAR-INV,FC-I-A00431-FY27,FC-I-A00431-FY27,Commerce India,Invoice for Transaction Fees & charges for the month of April-26 for Nexus Storefront - PPD,REGAL BRANDS PRIVATE LIMITED,"First Floor, New Era House Mogul Lane, Matunga West Mumbai, Mumbai, Maharashtra, 400016",emp,emp,emp,400016,Maharashtra,Regular,27AANCR1479C1Z7,Maharashtra,India,1137_Regal Brands Private Limited_C,-2095.27,1775.65,Nex_B2C_Tra_CI,0,159.81,159.81
20260511,VAR-INV,FC-I-A00432-FY27,FC-I-A00432-FY27,Commerce India,Invoice for Transaction Fees & charges for the month of April-26 for Nexus Storefront - PPD,SABHYATA,"GROUND FLOOR, SHOP NO.4, BENZER CHSL 2ND CROSS ROAD LANE , LOKHANDWALA COMPLEX,  Maharashtra, 400053",emp,emp,emp,400053,Maharashtra,Regular,27AAXFS3308J1ZN,Maharashtra,India,9830_Sabhyata_C,-1730.55,1466.57,Nex_B2C_Tra_CI,0,131.99,131.99
20260511,VAR-INV,FC-I-A00433-FY27,FC-I-A00433-FY27,Commerce India,Invoice for Transaction Fees & charges for the month of April-26 for Nexus Storefront - PPD,IKON RETAIL PRIVATE LIMITED,"First Floor, Shop No. F-28, Seawood Grand Central Mall Seawood Railway Station,  Maharashtra, 400706",emp,emp,emp,400706,Maharashtra,Regular,27AABCI5529C1ZT,Maharashtra,India,63_IKON RETAIL PRIVATE LIMITED_C,-774.16,656.06,Nex_B2C_Tra_CI,0,59.05,59.05
20260511,VAR-INV,FC-I-A00434-FY27,FC-I-A00434-FY27,Commerce India,Invoice for Transaction Fees & charges for the month of April-26 for Nexus Storefront - COD,ADITYA BIRLA LIFESTYLE BRANDS LIMITED,"Piramal Agastya Corporate Park, Piramal Agastya Corporate Park Building A, 4 and Maharashtra, 400070",emp,emp,emp,400070,Maharashtra,Regular,27ABACA5076G1ZQ,Maharashtra,India,10574_Aditya Birla Lifestyle Brands Limited_C,-15157.6,12845.42,Nex_B2C_Tra_CI,0,1156.09,1156.09
20260511,VAR-INV,FC-I-A00435-FY27,FC-I-A00435-FY27,Commerce India,Invoice for Transaction Fees & charges for the month of April-26 for Nexus Storefront - PPD,CHOGORI INDIA RETAIL LTD,"First Floor Phoenix Market City, Shop No. F-58/A Nagar Airport Road, PUNE PUNE,  Maharashtra, 411014",emp,emp,emp,411014,Maharashtra,Regular,27AADCC2405P1ZL,Maharashtra,India,10060_Chogori India Retail Ltd_C,-449.82,381.2,Nex_B2C_Tra_CI,0,34.31,34.31
20260511,VAR-INV,FC-I-A00436-FY27,FC-I-A00436-FY27,Commerce India,Invoice for Transaction Fees & charges for the month of April-26 for Nexus Storefront - PPD,RAYMOND LIFESTYLE LIMITED,"POKHARAN ROAD NO 1, JEKEGRAM NEAR CADBURY JUNCTION, THANE Thane, Maharashtra, 400606",emp,emp,emp,400606,Maharashtra,Regular,27AAJCR2207E1ZN,Maharashtra,India,21_Raymond Limited_C,-467.77,396.41,Nex_B2C_Tra_CI,0,35.68,35.68
20260511,VAR-INV,FC-I-A00437-FY27,FC-I-A00437-FY27,Commerce India,Invoice for Transaction Fees & charges for the month of April-26 for Nexus Storefront - PPD,FOREVER NEW APPARELS PRIVATE LIMITED,"LOWER GROUND FLOOR, UNIT NO - 6 PHOENIX PALLADIUM MALL, BLOCK 34/14B 462 SENAPAT Maharashtra, 400013",emp,emp,emp,400013,Maharashtra,Regular,27AABCF0689C1ZT,Maharashtra,India,10552_Forever New Apparels Private Limited_C,-1920,1627.12,Nex_B2C_Tra_CI,0,146.44,146.44
20260511,VAR-INV,FC-I-A00438-FY27,FC-I-A00438-FY27,Commerce India,Invoice for Transaction Fees & charges for the month of April-26 for Nexus Storefront - COD,INC.5 SHOES PRIVATE LIMITED,"3rd floor, Office No. 5 The Centrium, LBS Road Kurla West, Mumbai, Mumbai Suburb Maharashtra, 400070",emp,emp,emp,400070,Maharashtra,Regular,27AADCI3682G1ZH,Maharashtra,India,10928_Inc.5 Shoes Private Limited_C,-295,250,Nex_B2C_Tra_CI,0,22.5,22.5
20260511,VAR-INV,FC-I-A00439-FY27,FC-I-A00439-FY27,Commerce India,Invoice for Transaction Fees & charges for the month of April-26 for Nexus Storefront - PPD,HIDESIGN INDIA PRIVATE LIMITED,"1st Floor, No-5 AH1 Cama Estate, New Sun Compound Balbhat Road, Opp Kusum Masala Maharashtra, 400063",emp,emp,emp,400063,Maharashtra,Regular,27AACCH0586R1ZZ,Maharashtra,India,10085_Hidesign India Private Limited_C,-108.44,91.9,Nex_B2C_Tra_CI,0,8.27,8.27
20260511,VAR-INV,FC-I-A00440-FY27,FC-I-A00440-FY27,Commerce India,Invoice for Transaction Fees & charges for the month of April-26 for Nexus Storefront - PPD,ADITYA BIRLA LIFESTYLE BRANDS LIMITED,"Piramal Agastya Corporate Park, Piramal Agastya Corporate Park Building A, 4 and Maharashtra, 400070",emp,emp,emp,400070,Maharashtra,Regular,27ABACA5076G1ZQ,Maharashtra,India,10574_Aditya Birla Lifestyle Brands Limited_C,-43298.49,36693.63,Nex_B2C_Tra_CI,0,3302.43,3302.43
20260511,VAR-INV,FC-I-A00441-FY27,FC-I-A00441-FY27,Commerce India,Invoice for Transaction Fees & charges for the month of April-26 for Nexus Storefront - PPD,WOODLAND (AERO CLUB) PRIVATE LIMITED,"GROUND FLOOR, SHOP -3 Greenscape Shakti, YMCA Marg Sai Motor Training School, CB Maharashtra, 400614",emp,emp,emp,400614,Maharashtra,Regular,27AADCW6753E1Z5,Maharashtra,India,7392_Woodland (Aero Club) Private Limited_C,-362.49,307.19,Nex_B2C_Tra_CI,0,27.65,27.65
20260511,VAR-INV,FC-I-A00442-FY27,FC-I-A00442-FY27,Commerce India,Invoice for Transaction Fees & charges for the month of April-26 for Nexus Storefront - PPD,ADITYA BIRLA FASHION AND RETAIL LIMITED,"4th and 5th FLOOR, Pantaloons Office Agastya, Agastya Corporate Park Sunder Bung Maharashtra, 400070",emp,emp,emp,400070,Maharashtra,Regular,27AAECP2371C1ZP,Maharashtra,India,10857_Aditya Birla Fashion And Retail Limited_C,-10446.06,8852.6,Nex_B2C_Tra_CI,0,796.73,796.73
20260511,VAR-INV,FC-I-A00443-FY27,FC-I-A00443-FY27,Commerce India,Invoice for Transaction Fees & charges for the month of April-26 for Nexus Storefront - PPD,Majestic Perfume Industry India,"PLOT NO.D-347, MIDC ROAD, TURBHE NAVI MUMBAI, Thane, Maharashtra, 400705",emp,emp,emp,400705,Maharashtra,Regular,27ABFFM6216J1Z4,Maharashtra,India,9537_Majestic Perfumes India Ltd_C,-4836.04,4098.34,Nex_B2C_Tra_CI,0,368.85,368.85
20260511,VAR-INV,FC-I-A00444-FY27,FC-I-A00444-FY27,Commerce India,Invoice for Transaction Fees & charges for the month of April-26 for Nexus Storefront - PPD,QUEST RETAIL PRIVATE LIMITED,"Ground Floor, Unit No G 48 Inorbit Mall Malad, Linking Road Mumbai, Mumbai Subur Maharashtra, 400064",emp,emp,emp,400064,Maharashtra,Regular,27AAACQ1315K1ZL,Maharashtra,India,10219_Quest Retail Pvt Ltd_C,-1621.29,1373.97,Nex_B2C_Tra_CI,0,123.66,123.66
20260511,VAR-INV,FC-I-A00445-FY27,FC-I-A00445-FY27,Commerce India,Invoice for Transaction Fees & charges for the month of April-26 for Nexus Storefront - PPD,INC.5 SHOES PRIVATE LIMITED,"3rd floor, Office No. 5 The Centrium, LBS Road Kurla West, Mumbai, Mumbai Suburb Maharashtra, 400070",emp,emp,emp,400070,Maharashtra,Regular,27AADCI3682G1ZH,Maharashtra,India,10928_Inc.5 Shoes Private Limited_C,-1766.36,1496.92,Nex_B2C_Tra_CI,0,134.72,134.72
20260511,VAR-INV,FC-I-A00446-FY27,FC-I-A00446-FY27,Commerce India,Invoice for Transaction Fees & charges for the month of April-26 for Nexus Storefront - PPD,SHOPPERS STOP LIMITED,"5th Floor, 3rd Floor UMANG TOWER, LINK ROAD MIND SPACE, MALAD WEST, Mumbai Subur Maharashtra, 400064",emp,emp,emp,400064,Maharashtra,Regular,27AABCS4383A1ZL,Maharashtra,India,10555_ShoppersStop_C,-34141.74,28933.68,Nex_B2C_Tra_CI,0,2604.03,2604.03
20260511,VAR-INV,FC-I-A00447-FY27,FC-I-A00447-FY27,Commerce India,Invoice for Transaction Fees & charges for the month of April-26 for Nexus Storefront - PPD,BENETTON INDIA PRIVATE LIMITED,"NEXUS SEAWOOD KIDS 2ND FLOOR S-32A, THANE, MAHARASHTRA, 400706",emp,emp,emp,400054,Maharashtra,Regular,27AAACD1013F2ZD,Maharashtra,India,10556_Benetton India Pvt Ltd_C,-565.39,479.15,Nex_B2C_Tra_CI,0,43.12,43.12
20260511,VAR-INV,FC-I-A00448-FY27,FC-I-A00448-FY27,Commerce India,Invoice for Transaction Fees & charges for the month of April-26 for Nexus Storefront - PPD,MY CAR PUNE PRIVATE LIMITED,"MUMBAI-BANGLORE, PUNE BYPASS SR.NO.131, HISSA NO.2/3/4/6/13, 4, 5, 6, MY CAR PUN Maharashtra, 411057",emp,emp,emp,411057,Maharashtra,Regular,27AAECM2713M1ZD,Maharashtra,India,13214_My Car Pune Private Limited_C,-682.92,578.74,Nex_B2C_Tra_CI,0,52.09,52.09
20260511,VAR-INV,FC-I-A00449-FY27,FC-I-A00449-FY27,Commerce India,Invoice for Transaction Fees & charges for the month of March-26 for Nexus Storefront - COD,MY CAR PUNE PRIVATE LIMITED,"NEAR WAKAD POLICE CHOWKI, OPP SAYAJI HOTEL, WAKAD, PUNE, Pune, Maharashtra, 411057",emp,emp,emp,411057,Maharashtra,Regular,27AAECM2713M1ZD,Maharashtra,India,13214_My Car Pune Private Limited_C,-2125.6,1801.36,Nex_B2C_Tra_CI,0,162.12,162.12
20260511,VAR-INV,FC-I-A00450-FY27,FC-I-A00450-FY27,Commerce India,Invoice for Transaction Fees & charges for the month of March-26 for Nexus Storefront - PPD,MY CAR PUNE PRIVATE LIMITED,"NEAR WAKAD POLICE CHOWKI, OPP SAYAJI HOTEL, WAKAD, PUNE, Pune, Maharashtra, 411057",emp,emp,emp,411057,Maharashtra,Regular,27AAECM2713M1ZD,Maharashtra,India,13214_My Car Pune Private Limited_C,-3774.01,3198.31,Nex_B2C_Tra_CI,0,287.85,287.85